start,end
137820,138000
209060,209240
219640,219840
259060,259260
267080,267200
290640,290840
297300,297580
324160,324400
324420,324680
325200,325520
327140,327500
341780,341980
347740,347940
354600,354760
362540,362800
365000,365180
371920,372160
373560,373740
380680,380880
381880,382160
382292,382367
401900,402160
407260,407560
407600,407980
408140,408400
419640,419820
420748,420900
431520,431700
462500,462740
479080,479260
529320,529500
543740,544200
553560,553740
561800,562000
577460,577640
584540,584720
589440,589600
645580,645780
651127,651249
653340,653560
667520,667688
728565,728626
739100,739260
761080,761280
768500,768980
775900,776100
805840,806000
816120,816300
818360,818531
819060,819260
833520,833740
844500,844660
856500,856760
881520,881700
882369,882451
911960,912120
931520,931720
953860,954060
956520,956680
968220,968400
973840,974040
987020,987160
1005720,1005920
1033820,1033881
1108520,1108720
1114180,1114340
1118380,1118640
1177780,1177960
1185840,1186020
1209569,1209700
1213020,1213200
1225700,1225920
1226760,1226980
1266080,1266360
1266692,1266860
1299600,1299780
1301100,1301240
1313620,1313780
1325260,1325440
1325700,1325980
1329140,1329340
1334960,1335140
1378160,1378360
1393080,1393280
1400053,1400240
1416060,1416260
1417420,1417638
1423880,1424060
1437380,1437560
1440120,1440300
1466320,1466480
1466840,1467060
1470100,1470300
1474960,1475098
1478683,1478880
1490140,1490320
1500220,1500320
1503700,1503900
1509340,1509500
1567560,1567931
1569460,1569700
1603333,1603460
1633625,1633860
1669469,1669589
1689025,1689094
1719100,1719280
1722499,1722520
1761280,1761480
1764520,1764700
1775340,1775640
1777320,1777480
1802420,1802580
1828560,1828760
1830340,1830560
1839740,1839809
1840023,1840200
1894340,1894536
1900400,1900600
1925223,1925400
1965720,1965920
2005920,2006120
2006800,2007040
2023220,2023420
2052035,2052196
2093280,2093460
2101720,2102000
2102260,2102440
2102520,2102720
2103200,2103400
2109160,2109320
2131500,2131660
2132680,2132880
2157060,2157177
2172640,2172820
2207600,2207800
2230880,2230940
2284143,2284300
2315120,2315360
2347260,2347420
2351980,2352160
2387340,2387500
2402740,2402920
2421360,2421620
2452220,2452380
2454840,2455000
2470780,2471000
2508840,2508988
2509100,2509300
2521800,2521980
2524460,2524660
2606624,2606760
2620300,2620520
2627020,2627180
2646995,2647160
2652380,2652640
2664140,2664380
2674160,2674320
2688120,2688260
2713397,2713560
2743160,2743360
2752251,2752433
2752840,2753000
2756140,2756320
2798960,2799160
2814700,2814840
2816800,2816980
2832080,2832260
2840620,2840800
2852211,2852374
2870540,2870740
2873340,2873520
2914280,2914439
2982300,2982500
2985480,2985660
3001000,3001180
3045900,3046060
3046780,3047000
3053960,3054140
3074884,3075037
3076900,3077080
3115600,3115800
3118020,3118180
3159860,3160080
3160216,3160340
3173540,3173760
3174360,3174580
3204340,3204560
3204600,3204780
3209400,3209580
3236060,3236220
3239204,3239356
3239560,3239780
3250154,3250311
3276760,3276940
3316700,3316880
3349443,3349493
3380950,3381060
3407480,3407720
3407800,3408260
3408740,3408920
3446800,3446940
3470840,3471060
3563660,3563820
3595695,3595771
3676720,3676900
3687780,3687960
3707249,3707379
3710960,3711120
3716320,3716520
3745080,3745300
3753140,3753300
3767800,3768060
3768400,3768551
3768700,3769000
3781420,3781620
3786840,3787000
3788880,3789060
3795700,3796080
3796140,3796380
3797897,3798006
3806005,3806114
3806280,3806480
3807195,3807324
3807460,3807820
3807860,3808080
3808160,3808340
3811760,3812040
3818440,3818600
3820140,3820360
3820680,3820860
3840264,3840460
3843580,3843760
3846225,3846390
3846660,3846860
3855160,3855340
3888320,3888520
3888660,3888980
3889140,3889360
3890220,3890256
4014060,4014260
4015640,4015820
4041860,4042040
4064560,4064880
4072180,4072359
4076720,4076960
4085320,4085560
4085640,4085800
4091940,4092145
4108720,4108880
4130993,4131180
4135620,4135860
4172520,4172740
4221240,4221420
4221460,4221620
4225880,4226060
4227140,4227300
4249620,4249800
4259850,4259917
4289960,4290160
4326700,4326920
4406720,4406900
4450440,4450620
4455360,4455700
4457680,4457840
4457940,4458140
4458240,4458400
4510253,4510417
4513000,4513200
4513820,4513980
4519620,4519815
4546880,4547100
4555600,4555800
4592660,4592800
4600760,4600900
4601091,4601260
4601580,4601840
4607340,4607540
4613940,4614100
4684900,4685100
4686180,4686380
4687120,4687340
4713440,4713700
4720800,4720980
4740880,4741080
4759260,4759380
4760620,4760840
4795500,4795653
4817280,4817336
4820980,4821136
4823545,4823760
4897307,4897382
4898340,4898540
4917092,4917145
4917160,4917246
4951400,4951571
4956300,4956460
4959660,4959840
5001435,5001554
5056820,5057061
5061300,5061560
5065739,5065863
5066060,5066260
5073360,5073540
5100820,5100997
5113000,5113220
5119380,5119600
5119940,5120180
5126480,5126900
5153880,5154100
5156820,5157020
5192400,5192600
5205480,5205660
5223040,5223240
5354180,5354420
5365320,5365482
5396099,5396174
5396440,5396680
5397400,5397780
5403000,5403160
5448560,5448780
5480954,5481078
5514220,5514460
5529000,5529180
5529740,5529920
5557220,5557400
5569160,5569340
5610400,5610476
5610940,5611180
5654705,5654879
5674160,5674360
5737420,5737546
5750240,5750440
5788440,5788600
5819120,5819300
5835655,5835718
5844380,5844680
5877289,5877373
5919399,5919507
5946113,5946240
5950480,5950700
5989690,5989793
6003460,6003620
6005880,6006140
6044180,6044350
6054082,6054300
6077440,6077620
6122200,6122380
6123000,6123280
6123360,6123680
6141060,6141220
6142480,6142680
6157462,6157598
6165040,6165280
6178620,6178840
6265280,6265460
6382024,6382076
6395920,6396060
6583240,6583362
6651142,6651322
6685120,6685580
6698160,6698380
6765560,6765720
6828940,6829100
6940151,6940280
6989270,6989340
7094500,7094700
7113971,7114056
7195764,7196020
7237738,7237803
7286040,7286200
7376020,7376240
7841340,7841500
7842020,7842200
7856900,7857080
7859400,7859594
7926880,7927020
7936520,7936720
7980720,7980880
8019080,8019280
8019300,8019540
8019700,8019920
8043800,8044000
8082120,8082320
8114890,8114980
8132000,8132175
8144860,8144996
8156580,8156960
8256420,8256496
8305540,8305720
8389620,8389780
8414920,8415200
8454380,8454620
8464500,8464700
8535539,8535622
8601200,8601360
8664920,8665060
8721200,8721360
8722400,8722600
8751600,8751760
8756560,8756700
8759700,8759900
8790560,8790740
8829280,8829400
8853840,8854040
8953426,8953560
8965098,8965236
9035240,9035420
9036720,9036880
9051640,9051860
9052200,9052420
9060140,9060463
9067700,9067880
9069080,9069256
9200740,9200920
9215660,9215860
9241380,9241660
9241860,9242020
9286720,9286781
9301800,9302020
9312140,9312300
9323720,9323920
9359780,9359980
9363760,9363960
9393400,9393580
9408140,9408360
9409478,9409629
9410080,9410208
9458480,9458680
9468140,9468212
9503960,9504188
9516300,9516540
9609980,9610160
9617180,9617340
9618060,9618240
9839000,9839297
9873380,9873423
9903120,9903320
9912940,9913160
9945540,9945740
9977560,9977960
9978480,9978680
10034780,10035140
10040220,10040420
10040527,10040600
10074580,10074740
10090680,10090860
10093317,10093539
10172309,10172479
10179660,10179840
10218740,10218920
10219609,10219758
10309460,10309640
10316740,10316920
10358080,10358220
10381628,10381760
10419640,10419820
10427205,10427357
10434140,10434360
10434500,10434700
10435060,10435360
10447120,10447300
10449360,10449539
10468572,10468693
10469628,10469820
10508200,10508360
10511580,10511820
10521219,10521384
10524760,10524980
10537953,10538140
10540780,10540980
10541280,10541480
10548173,10548250
10553460,10553620
10578680,10578880
10598500,10598780
10598860,10599100
10604660,10604840
10619560,10619740
10671484,10671775
10673960,10674140
10674200,10674480
10674800,10675000
10705980,10706280
10715133,10715246
10789500,10789660
10849100,10849340
10863720,10863900
10864273,10864327
10864400,10864600
10919800,10919962
10939660,10939781
11001840,11002100
11047642,11047820
11099000,11099240
11117880,11118080
11179080,11179300
11205140,11205161
11205240,11205440
11207860,11208100
11229900,11230120
11266720,11266860
11267420,11267620
11267860,11268024
11271500,11271660
11274160,11274360
11306160,11306290
11387340,11387558
11451943,11452220
11453540,11453700
11455060,11455320
11455420,11455740
11543540,11543820
11544140,11544340
11569335,11569420
11581300,11581520
11585840,11586000
11676640,11676840
11716260,11716460
11750740,11750770
11816932,11816990
11816999,11817098
11850420,11850600
11851040,11851120
11890660,11890920
11892340,11892520
11980423,11980540
12012340,12012560
12207920,12208096
12255668,12255748
12395229,12395295
12570520,12570620
12925220,12925420
12970360,12970520
12985069,12985120
13030060,13030300
13105940,13106140
13119640,13119800
13220828,13220966
13221700,13221880
13247494,13247560
13247640,13248120
13262160,13262360
13302720,13302880
13325040,13325220
13339201,13339326
13430640,13430960
13458960,13459160
13525320,13525480
13546640,13546820
13638224,13638330
13638660,13638760
13638920,13639160
13681620,13681729
13741980,13742194
13777420,13777580
13784880,13785060
13785275,13785560
13788300,13788460
13820240,13820460
13898100,13898280
13930037,13930132
13953347,13953440
13995140,13995480
13995962,13996060
14054998,14055052
14055240,14055420
14055530,14055608
14142200,14142400
14189880,14190080
14220013,14220066
14220240,14220420
14264989,14265120
14288980,14289240
14334499,14334573
14337600,14337820
14406540,14406837
14466996,14467057
14500480,14500514
14583460,14583680
14612540,14612643
14622937,14623100
14687566,14687626
14712430,14712562
14775940,14776100
14878880,14879340
14879460,14879720
14919740,14920080
14948577,14948680
14963298,14963480
14979597,14979780
14986140,14986440
14997976,14998044
15039498,15039620
15155967,15156160
15236880,15237080
15654240,15654380
15709179,15709303
15878780,15878810
15930460,15930523
16121007,16121116
16216760,16216820
16242080,16242240
16246988,16247080
16419320,16419400
16434160,16434360
16459526,16459639
16476060,16476280
16518400,16518580
16528180,16528380
16530200,16530400
16573360,16573600
16574820,16575040
16634760,16634940
16701400,16701560
16729880,16730080
16730260,16730313
16761340,16761520
16802000,16802200
16804080,16804260
16821540,16821720
16904853,16905015
17024600,17024920
17059520,17059720
17211130,17211353
17233796,17233899
17281620,17281800
17394540,17394700
17431840,17432000
17442700,17442880
17504940,17505100
17506256,17506315
17525760,17525920
17533520,17533700
17537040,17537240
17538620,17538780
17557040,17557121
17557482,17557649
17557720,17557900
17558420,17558680
17558760,17558980
17569120,17569340
17569760,17570120
17570700,17570940
17594611,17594731
17611476,17611637
17617600,17617780
17649380,17649520
17655052,17655160
17681236,17681391
17681500,17681650
17682280,17682500
17682700,17682900
17721740,17721960
17747420,17747640
17761721,17761940
17835300,17835480
17843560,17843700
17843960,17844120
17849900,17850120
17850220,17850520
17854380,17854540
17874080,17874260
17888160,17888340
17889340,17889560
17898600,17898800
17921910,17921989
17939120,17939320
17968820,17969120
17969307,17969415
17969424,17969567
17996180,17996360
18019240,18019380
18057860,18058020
18058920,18059300
18137740,18137920
18144520,18144720
18176387,18176473
18197740,18198040
18224980,18225060
18225180,18225360
18252432,18252504
18252660,18252960
18252980,18253240
18276820,18277000
18288060,18288320
18288380,18288560
18314975,18315027
18388900,18389100
18413260,18413480
18467020,18467220
18497140,18497360
18507440,18507640
18507720,18507920
18544116,18544203
18567240,18567480
18585240,18585446
18587800,18588080
18628486,18628600
18632300,18632480
18673003,18673080
18793940,18794140
18794504,18794560
18904760,18904920
19047720,19047880
19073720,19073874
19205980,19206220
19265795,19265940
19500700,19500852
19583880,19584060
19628680,19628840
19662480,19662680
19688440,19688680
19692720,19692900
19699680,19699860
19735540,19735740
19757880,19758100
19784980,19785160
19789540,19789700
19802740,19802940
19815620,19815820
19828320,19828580
19856421,19856500
19880380,19880600
19880660,19880860
19884840,19885060
19885200,19885300
19914280,19914462
19976880,19977080
19977140,19977360
19981040,19981360
19984840,19985310
19993240,19993600
19993860,19994180
19995360,19995540
20014774,20014894
20017080,20017340
20051987,20052051
20052420,20052620
20052660,20052880
20083960,20084180
20130540,20130740
20184280,20184460
20237240,20237327
20237460,20237620
20267809,20267973
20300013,20300063
20360480,20360680
20408020,20408180
20480800,20481040
20549320,20549395
20549840,20550020
20568700,20568811
20593600,20593920
20594280,20594374
20664880,20665060
20712760,20713000
20769452,20769540
20820200,20820380
20825060,20825220
20837580,20837760
20860320,20860480
20864484,20864640
21017800,21017920
21027640,21027840
21048900,21049100
21075100,21075280
21096340,21096520
21118220,21118460
21118520,21118544
21118567,21118637
21125320,21125740
21125840,21126100
21183260,21183460
21202360,21202580
21229300,21229460
21236100,21236320
21303220,21303400
21303680,21303860
21323740,21323900
21433400,21433560
21436280,21436500
21505260,21505500
21506080,21506580
21529960,21530120
21572255,21572321
21615640,21615800
21640660,21640863
21719720,21719900
21767720,21767900
21767960,21768140
21796200,21796320
22248180,22248240
22303620,22303800
22312840,22313040
22334240,22334440
22339200,22339380
22341560,22341780
22375180,22375312
22375320,22375518
22379560,22379740
22390300,22390500
22439020,22439200
22453360,22453520
22490300,22490458
22547099,22547188
22586781,22586969
22617260,22617440
22623340,22623500
22684120,22684300
22685266,22685388
22686180,22686380
22691760,22691940
22717666,22717738
22735120,22735260
22763680,22763960
22763981,22764039
22775908,22776120
22796000,22796220
22807760,22807940
22851840,22852000
22922076,22922180
22974420,22974600
23013641,23013733
23049760,23049920
23050000,23050220
23050840,23051040
23062220,23062354
23079136,23079265
23136920,23137080
23143180,23143360
23147940,23148120
23148380,23148620
23155980,23156140
23156240,23156420
23201040,23201260
23235500,23235660
23243960,23244032
23245760,23245883
23320440,23320660
23340600,23340800
23349894,23349957
23350067,23350220
23350500,23350760
23351420,23351600
23358060,23358320
23361820,23362160
23421440,23421640
23441920,23442100
23445680,23445880
23446720,23446900
23475511,23475640
23529160,23529340
23541440,23541520
23606640,23606820
23622860,23623100
23629180,23629380
23637940,23638160
23657300,23657460
23668480,23668660
23723748,23723948
23782480,23782700
23889820,23890000
23937440,23937620
23996280,23996420
24100740,24100860
24102352,24102440
24102600,24102647
24150160,24150277
24160720,24160860
24634840,24635040
24672960,24673106
24746360,24746580
24781504,24781634
24784201,24784322
24918420,24918620
24930540,24930700
24931237,24931306
24992680,24992900
24993752,24993840
24994920,24995140
25017440,25017600
25065860,25066040
25076360,25076560
25076760,25076980
25136780,25137140
25137220,25137460
25139220,25139400
25178940,25179440
25195540,25195760
25196020,25196262
25196560,25196800
25223260,25223520
25233520,25233680
25237880,25238080
25247220,25247400
25248080,25248340
25294500,25294700
25296773,25296868
25308980,25309160
25309440,25309620
25309760,25310080
25310420,25310600
25336640,25336800
25390880,25391100
25399220,25399420
25407540,25407740
25437175,25437239
25453158,25453259
25470120,25470320
25497132,25497438
25532580,25532760
25540320,25540580
25543680,25543860
25585460,25585660
25623200,25623520
25623900,25624180
25670201,25670360
25696820,25697060
25854020,25854160
25861600,25861800
25863240,25863400
25865760,25865960
25902420,25902500
25932327,25932382
26009720,26009860
26010226,26010360
26201120,26201360
26326180,26326261
28576149,28576280
28602760,28603000
28625200,28625380
29050140,29050280
29327900,29328003
29328140,29328320
29393003,29393101
29443340,29443500
29445689,29445748
29533552,29533616
29533720,29533860
29765060,29765220
29765340,29765500
29874040,29874162
30284100,30284280
30290460,30290601
30290660,30290820
30349055,30349200
30357040,30357200
30377000,30377300
30377520,30377648
30424580,30424710
30504366,30504500
30580100,30580320
30585320,30585440
30724100,30724320
31260420,31260640
31313440,31313640
31413660,31413840
31440390,31440485
31460620,31460800
31494240,31494420
31498020,31498180
31503240,31503400
31514280,31514520
31517480,31517680
31547240,31547440
31557460,31557640
31560200,31560380
31560920,31561120
31562380,31562600
31562920,31563100
31566940,31567160
31567280,31567355
31570846,31571025
31572840,31573460
31593320,31593640
31593800,31594020
31595875,31595958
31596160,31596380
31602940,31603140
31604240,31604460
31604680,31604760
31605100,31605300
31607100,31607400
31607820,31607980
31608204,31608288
31608520,31608840
31610580,31610820
31612920,31613120
31634360,31634540
31644813,31644955
31661620,31662020
31662220,31662420
31696160,31696480
31699280,31699500
31704600,31704860
31712740,31713000
31713380,31713606
31713882,31714020
31722860,31723043
31723204,31723331
31723520,31723760
31723860,31724060
31739060,31739280
31810360,31810578
31822880,31823080
31833480,31833640
31836260,31836440
31842033,31842189
31846620,31846780
31852780,31852960
31860475,31860614
31861560,31861740
31879700,31879880
31880000,31880200
31895225,31895375
31929740,31929940
31951980,31952240
31968500,31968700
32005060,32005270
32018020,32018200
32018360,32018580
32031500,32031740
32079660,32079900
32092000,32092160
32109380,32109580
32168600,32168760
32207700,32207940
32208644,32208722
32255320,32255540
32270680,32270820
32277520,32277680
32325880,32326140
32356060,32356178
32358020,32358300
32358880,32359040
32359160,32359340
32470400,32470600
32483820,32483920
32485220,32485460
32521780,32521980
32536300,32536702
32570566,32570633
32621180,32621340
32627760,32627980
32648980,32649140
32652980,32653180
32665480,32665680
32674440,32674620
32681536,32681636
32731180,32731340
32731460,32731740
32743920,32744100
32744900,32745200
32762200,32762520
32765620,32765800
32778540,32778700
32790151,32790313
32819740,32819940
32820100,32820745
32859095,32859179
32894200,32894400
32902580,32902760
32945800,32946000
33005180,33005340
33076720,33077020
33096020,33096220
33099980,33100080
33165577,33165640
33169360,33169440
33209840,33210020
33211920,33212120
33262720,33262900
33291980,33292140
33299200,33299400
33301706,33301796
33305600,33305760
33337301,33337374
33373841,33373898
33400860,33401020
33401480,33401660
33443740,33443960
33444940,33445100
33448540,33448680
33450980,33451160
33457280,33457460
33489760,33490020
33490220,33490440
33518120,33518400
33555060,33555240
33562220,33562360
33653340,33653540
33663685,33663847
33674360,33674480
33686360,33686660
33720340,33720540
33732020,33732400
33732440,33732640
33733899,33734035
33778700,33778789
33789700,33789900
33796620,33796840
33796960,33797180
33811060,33811320
33821498,33821700
33862775,33862840
33863080,33863269
33897700,33897840
33909620,33909782
33914980,33915180
33915780,33915960
33933520,33933740
33947840,33948000
33993120,33993740
33994143,33994216
33994380,33994580
34021240,34021305
34022200,34022380
34065420,34065520
34069320,34069560
34069940,34070100
34111863,34111926
34112220,34112440
34112740,34112960
34112972,34113020
34129740,34129940
34142895,34143011
34190720,34190880
34216060,34216380
34247498,34247680
34255700,34255880
34302980,34303160
34303280,34303540
34312780,34312980
34314500,34314800
34316320,34316500
34349620,34349840
34363140,34363340
34390800,34391080
34400926,34401136
34472660,34472880
34473380,34473560
34516300,34516500
34523180,34523380
34526080,34526280
34538720,34538900
34549680,34549780
34579180,34579360
34583049,34583129
34591972,34592042
34676580,34676940
34677080,34677320
34704180,34704380
34704600,34704760
34708642,34708840
34709220,34709640
34709660,34709900
34713500,34713700
34769820,34769980
34824480,34824660
34824840,34824980
34825173,34825323
34825660,34825860
34834520,34834660
34834760,34834920
34872880,34873040
34874120,34874300
34876100,34876480
34891300,34891480
34907660,34907940
34922700,34922920
34944280,34944440
34955020,34955200
34955700,34955880
34960860,34961040
34979840,34980000
35002209,35002343
35092760,35093000
35093100,35093260
35093589,35093783
35096340,35096500
35145180,35145380
35146580,35146740
35147240,35147480
35171780,35171960
35208480,35208660
35215447,35215600
35263301,35263480
35264845,35264999
35269392,35269520
35277980,35278240
35284660,35284880
35303920,35304100
35305800,35306000
35307020,35307220
35311520,35311700
35312460,35312640
35318540,35318760
35320480,35320680
35327340,35327500
35329660,35329809
35357785,35357894
35387440,35387680
35411920,35412140
35439100,35439280
35447280,35447500
35448914,35449060
35454720,35454900
35455000,35455280
35455560,35455920
35463815,35464000
35467643,35467840
35511940,35512090
35516360,35516580
35523430,35523592
35541880,35542120
35542280,35542460
35545093,35545231
35568760,35568920
35572998,35573077
35604480,35604640
35607480,35607660
35615820,35615920
35616340,35616620
35616860,35617060
35617680,35617840
35619320,35619500
35619640,35619820
35661120,35661360
35663720,35664320
35664420,35664560
35664880,35665060
35699260,35699480
35699701,35699860
35741580,35741760
35742400,35742600
35769160,35769340
35771840,35772080
35772200,35772380
35823249,35823400
35875620,35875820
35884080,35884300
35902080,35902280
35902358,35902447
35947520,35947740
35954360,35954740
35991280,35991480
35992820,35993000
35995100,35995300
36050900,36051060
36064700,36064860
36085260,36085455
36085840,36086060
36086880,36087080
36087780,36087940
36093640,36093840
36096205,36096306
36122440,36122620
36138740,36138920
36154497,36154588
36156740,36156920
36167900,36168060
36199820,36200020
36203000,36203120
36214820,36214960
36217360,36217540
36236360,36236560
36273440,36273620
36329100,36329320
36329400,36329620
36344600,36344760
36355880,36356080
36384120,36384320
36399740,36399940
36436320,36436520
36439520,36439700
36461080,36461500
36465240,36465400
36465560,36465740
36472900,36473080
36506341,36506560
36541340,36541540
36542100,36542300
36542426,36542480
36556600,36556780
36573300,36573620
36592460,36592645
36604960,36605160
36605520,36605740
36612780,36612960
36642980,36643240
36677320,36677520
36729080,36729288
36746140,36746300
36754680,36754860
36773760,36774000
36774260,36774440
36792540,36792740
36808620,36808820
36835700,36835900
36836040,36836119
36836720,36836920
36862060,36862262
36863765,36863960
36864039,36864238
36887300,36887480
36919820,36920020
36951383,36951520
36951680,36951920
37008020,37008180
37095960,37096120
37096160,37096340
37178320,37178520
37178880,37179120
37192320,37192540
37195657,37195819
37202400,37202580
37269800,37269980
37282634,37282783
37289520,37289700
37290066,37290200
37294821,37294880
37295060,37295280
37342800,37342973
37343740,37343820
37344560,37344744
37345700,37345880
37345980,37346180
37379280,37379440
37383440,37383640
37406665,37406779
37527820,37528220
37534500,37534720
37564541,37564661
37572940,37573120
37615920,37616120
37627080,37627240
37651960,37652180
37693840,37694060
37758520,37758658
37820100,37820237
37854966,37855030
37902260,37902440
37941480,37941660
37992863,37993008
37993063,37993185
38033400,38033560
38043980,38044140
38057620,38057820
38073540,38073740
38110040,38110220
38113535,38113720
38127240,38127420
38165303,38165560
38173440,38173640
38173920,38174085
38184230,38184460
38186760,38187067
38217780,38217980
38221160,38221360
38222760,38222960
38242940,38243160
38271220,38271400
38275920,38276080
38291400,38291582
38304960,38305136
38322060,38322240
38337740,38337960
38356400,38356600
38369499,38369580
38392420,38392600
38408660,38408900
38435300,38435480
38446500,38446700
38460320,38460520
38472580,38472840
38547518,38547580
38547597,38547740
38601680,38601880
38630860,38631020
38633700,38633880
38646220,38646440
38659000,38659180
38680609,38680820
38685940,38686092
38692480,38692640
38731020,38731240
38731327,38731430
38731560,38731720
38745860,38746020
38748040,38748500
38748780,38748980
38751440,38751600
38765020,38765200
38779820,38780060
38789620,38789780
38789870,38790052
38790260,38790440
38790540,38790700
38826200,38826360
38860420,38860620
38870780,38870980
38893880,38894100
38926160,38926380
38935361,38935536
38962120,38962380
38962644,38962814
39048120,39048340
39050140,39050360
39070940,39071100
39081260,39081420
39107820,39108080
39108860,39109040
39110620,39110780
39112160,39112340
39117680,39117840
39190760,39191020
39264620,39264840
39269020,39269220
39429873,39429936
39468816,39468900
39548240,39548291
39677040,39677218
39706452,39706532
39874160,39874320
39886140,39886267
40008247,40008318
40160180,40160360
40220482,40220570
40251420,40251620
40266256,40266392
40442248,40442420
40471380,40471540
40493640,40493880
40497989,40498020
40506640,40506900
40532200,40532360
40562080,40562260
40563420,40563640
40565140,40565340
40689223,40689420
40690060,40690240
40707060,40707220
40728600,40728743
40741600,40741800
40797560,40797720
40798180,40798349
40860620,40860860
40938159,40938263
40946040,40946220
40962720,40962960
40963040,40963220
40968820,40969000
40990640,40990800
41003420,41003880
41005460,41005660
41008440,41008660
41028540,41028780
41047780,41047890
41058520,41058692
41078509,41078591
41089719,41089789
41095440,41095620
41135300,41135500
41136820,41137040
41137080,41137300
41137380,41137578
41149820,41150020
41173260,41173420
41177720,41177880
41232420,41232620
41233480,41233583
41249872,41249960
41250162,41250289
41317680,41317940
41329500,41329730
41340060,41340300
41340600,41340880
41411512,41411620
41428387,41428580
41572125,41572280
41599940,41600060
41618400,41618600
41643620,41643820
41664720,41664880
41693440,41693660
41693960,41694100
41697889,41698024
41734520,41734720
41738700,41738880
41889240,41889453
41956440,41956560
41996040,41996090
42530980,42531110
43010820,43010893
43077285,43077386
43187820,43188040
43192080,43192240
43238960,43239120
43287760,43287880
43379640,43379834
43404960,43405160
43409209,43409278
43409282,43409333
43409380,43409560
43442600,43442760
43445160,43445360
43449060,43449220
43457420,43457620
43457720,43457920
43458180,43458440
43507601,43507780
43508730,43508920
43514040,43514420
43538160,43538360
43558643,43558724
43590560,43591000
43657480,43657660
43658170,43658350
43658780,43658940
43667000,43667180
43669444,43669578
43692040,43692240
43749860,43750040
43782260,43782420
43840580,43840740
43844900,43845180
43846234,43846346
43901434,43901490
43911200,43911400
43942700,43942900
43942960,43943143
43955420,43955600
43955760,43956100
43975400,43975600
43983463,43983620
44001720,44001940
44008968,44009064
44018240,44018440
44056180,44056340
44074380,44074520
44080840,44081040
44083340,44083520
44090060,44090240
44093100,44093260
44116740,44116940
44151740,44151940
44152160,44152277
44190300,44190520
44204200,44204420
44210740,44211120
44215140,44215320
44217440,44217640
44223126,44223320
44248272,44248425
44311140,44311340
44355300,44355460
44355540,44355720
44384500,44384720
44386588,44386780
44388560,44388740
44407520,44407700
44449340,44449520
44460900,44461080
44471541,44471680
44475740,44475940
44495387,44495660
44495820,44496100
44496200,44496440
44497071,44497300
44521580,44521720
44522000,44522220
44526220,44526400
44531760,44531940
44553040,44553200
44573285,44573404
44603480,44603585
44610020,44610220
44651701,44651827
44652200,44652324
44683620,44683820
44685280,44685460
44692980,44693240
44714767,44714960
44720780,44721360
44728940,44729140
44730560,44730720
44733460,44733620
44735072,44735218
44736320,44736520
44736740,44736960
44738940,44739120
44747260,44747500
44747580,44747780
44748100,44748260
44766140,44766389
44780260,44780400
44785840,44786087
44800512,44800640
44832880,44833073
44859129,44859300
44867700,44867840
44885147,44885200
44885460,44885720
44909840,44910080
44910220,44910400
44911520,44911700
44960400,44960600
44966300,44966500
45011180,45011360
45036280,45036460
45037160,45037320
45041720,45041920
45044180,45044360
45061380,45061560
45080940,45081100
45095880,45096040
45112000,45112160
45138860,45139080
45158140,45158340
45229640,45229840
45236217,45236351
45254553,45254735
45290960,45291160
45293820,45294040
45301060,45301260
45311660,45311860
45319640,45319860
45323040,45323220
45342408,45342539
45344300,45344520
45359893,45359980
45362960,45363220
45363360,45363520
45373940,45374120
45406443,45406549
45415940,45416160
45436960,45437120
45446100,45446260
45450500,45450680
45456760,45456940
45489300,45489400
45518380,45518546
45546160,45546380
45592680,45592860
45610900,45611001
45611140,45611360
45629540,45629760
45686047,45686180
45771220,45771420
45779060,45779320
45779400,45779720
45780840,45781010
45781400,45781700
45782980,45783280
45791840,45792000
45799277,45799412
45812340,45812580
45833543,45833831
45836073,45836156
45857400,45857560
45860865,45861034
45881060,45881240
45885020,45885220
45891200,45891400
45892200,45892340
45905740,45905920
45910840,45911100
45933740,45933940
45934100,45934380
45934600,45934780
45935140,45935380
45938827,45939020
45963060,45963214
45969880,45970060
45971800,45972040
45972100,45972300
45972340,45972600
45987380,45987580
45993580,45993780
46011840,46012080
46013800,46014040
46014140,46014400
46022982,46023120
46088601,46088692
46089580,46089800
46089920,46090120
46118140,46118320
46118740,46118794
46132723,46132920
46152014,46152143
46174620,46174780
46206164,46206282
46216000,46216180
46220880,46221060
46230800,46230940
46231020,46231200
46253520,46253700
46255540,46255700
46283600,46283720
46293180,46293320
46307120,46307320
46308420,46308600
46308740,46308900
46325060,46325220
46349073,46349260
46363940,46364100
46364340,46364540
46368514,46368567
46406240,46406460
46406600,46406800
46407068,46407300
46411020,46411180
46438240,46438420
46477441,46477507
46485920,46486120
46521060,46521280
46562560,46562800
46592700,46592880
46681440,46681640
46689460,46689780
46694640,46694840
46698922,46699076
46699840,46700020
46739922,46740100
46747060,46747240
46748060,46748260
46752760,46752911
46758220,46758380
46767240,46767400
46775080,46775420
46814960,46815140
46870200,46870293
46872720,46872900
46900540,46900660
46939120,46939320
46959140,46959340
46971320,46971560
46990898,46990954
47041600,47041760
47055000,47055240
47124880,47125078
47150760,47150940
47181420,47181600
47196440,47196660
47200660,47200917
47201062,47201420
47201562,47201760
47204460,47204680
47204880,47205060
47205660,47205940
47220180,47220340
47272920,47273100
47274560,47274800
47279080,47279320
47315800,47315975
47317360,47317560
47318825,47319220
47319646,47319800
47319860,47320060
47321520,47321740
47331440,47331660
47356700,47356920
47357580,47357820
47358840,47359028
47359180,47359362
47360680,47361040
47384100,47384360
47390120,47390291
47392100,47392320
47400780,47400940
47432500,47432840
47434260,47434440
47439220,47439380
47441200,47441400
47453180,47453380
47453460,47453700
47464440,47464640
47493220,47493400
47493520,47493680
47493980,47494140
47501740,47501940
47535180,47535340
47541121,47541301
47565340,47565560
47576660,47576900
47607280,47607460
47610580,47610740
47621280,47621460
47663840,47664020
47677900,47678080
47712580,47712740
47725460,47725600
47734060,47734174
47740780,47740980
47764471,47764573
47786520,47786740
47792205,47792353
47809740,47809940
47821860,47822040
47854860,47855040
47928116,47928232
47929460,47929640
47972320,47972640
47973540,47973660
47985560,47985760
47988800,47988980
48054900,48055145
48097060,48097220
48098140,48098340
48126523,48126615
48181680,48181825
48189300,48189460
48192220,48192332
48231671,48231840
48282960,48283090
48295580,48295840
48299180,48299380
48350700,48350846
48384240,48384460
48404700,48404860
48421706,48421769
48451487,48451639
48467680,48467840
48488720,48488860
48523260,48523460
48538520,48538700
48565100,48565256
48574460,48574640
48620560,48620780
48621020,48621200
48635860,48636080
48638620,48638840
48657000,48657180
48657820,48658000
48679700,48679900
48682820,48682967
48697980,48698140
48725620,48725880
48769640,48769800
48828000,48828340
48841900,48842020
48846988,48847100
48897420,48897620
48905140,48905300
48921620,48921780
48945940,48946120
48983555,48983728
49046100,49046360
49046660,49046880
49133000,49133200
49186923,49187051
49188400,49188640
49193848,49194007
49217240,49217400
49219200,49219440
49246580,49246760
49278100,49278360
49278420,49278660
49287268,49287464
49320540,49320760
49323800,49324000
49334040,49334200
49381680,49381862
49381940,49382160
49384600,49384800
49385560,49385760
49427048,49427120
49449080,49449240
49484260,49484440
49502000,49502200
49508660,49508840
49534320,49534480
49541840,49542020
49545722,49545833
49562360,49562540
49583680,49583834
49603240,49603407
49608740,49609160
49610700,49610860
49611160,49611460
49674820,49674980
49675460,49675637
49676803,49676951
49691100,49691280
49691401,49691510
49699408,49699546
49700640,49700820
49713940,49714180
49717800,49718000
49718360,49718540
49772320,49772498
49775380,49775580
49776420,49776600
49812600,49812960
49846320,49846500
49853818,49853900
49859974,49860120
49888560,49888740
49915700,49915860
49916520,49916678
49928740,49928900
49936180,49936360
49965000,49965160
49968940,49969094
49979040,49979260
49979320,49979500
49982420,49982660
49982740,49982940
50059480,50059640
50071340,50071580
50085540,50085680
50103820,50104000
50113120,50113280
50115920,50116120
50120959,50121120
50136886,50137040
50153720,50153920
50166080,50166340
50169420,50169580
50172415,50172585
50186360,50186520
50190440,50190620
50190740,50190980
50192360,50192540
50243180,50243400
50244520,50244740
50245606,50245780
50267300,50267520
50267580,50267800
50279040,50279260
50282150,50282292
50283940,50284140
50284360,50284580
50286680,50286880
50292629,50292805
50308640,50308940
50313397,50313485
50321420,50321600
50335240,50335440
50366740,50366840
50377000,50377121
50380800,50380960
50415300,50415520
50415660,50415900
50423200,50423440
50425220,50425340
50433780,50433960
50439040,50439240
50439397,50439531
50439600,50439800
50440860,50441080
50441774,50441940
50460840,50461020
50464320,50464512
50468120,50468280
50475980,50476128
50478340,50478520
50483580,50483740
50492472,50492680
50493060,50493260
50499480,50499660
50504280,50504440
50510120,50510400
50540940,50541220
50541280,50541560
50541600,50541840
50558640,50558860
50561560,50561820
50570600,50570760
50575980,50576160
50580060,50580260
50588220,50588420
50626120,50626360
50636020,50636220
50645600,50645820
50663080,50663240
50663538,50663720
50715843,50715938
50724960,50725240
50729080,50729400
50729440,50729618
50729634,50729824
50731060,50731440
50742052,50742171
50744556,50744760
50761760,50762040
50762580,50762800
50762900,50763120
50764080,50764360
50788100,50788280
50790760,50790940
50793680,50793840
50794760,50795020
50818440,50818660
50844840,50845000
50856089,50856240
50929480,50929640
50929820,50930116
50931380,50931540
50931600,50931900
50958500,50958880
50980280,50980460
50981560,50981740
50987780,50988000
50993140,50993360
51015180,51015400
51023080,51023300
51033800,51033980
51036840,51037040
51037160,51037260
51042760,51042920
51085860,51086020
51173200,51173380
51185420,51185572
51195680,51195880
51206160,51206360
51220280,51220460
51222120,51222320
51258713,51258784
51306860,51307060
51318320,51318500
51326340,51326520
51360520,51360760
51366260,51366680
51372380,51372560
51386040,51386240
51434980,51435160
51446800,51447020
51447120,51447360
51456580,51456760
51457260,51457460
51487680,51487900
51487980,51488200
51531180,51531400
51533380,51533560
51562766,51563060
51563860,51564060
51564080,51564260
51586060,51586220
51589420,51589520
51595080,51595240
51624340,51624520
51631420,51631640
51636140,51636340
51639320,51639500
51650700,51650900
51661020,51661260
51661680,51661860
51687120,51687340
51700880,51701060
51712560,51712727
51738320,51738420
51739020,51739200
51742918,51743234
51749740,51749940
51750240,51750480
51752360,51752667
51761100,51761220
51766460,51766600
51767140,51767400
51767612,51767706
51800220,51800440
51872108,51872262
51875156,51875293
51899800,51899980
51930880,51931080
51931451,51931547
51966420,51966580
51969260,51969440
51985040,51985280
52002200,52002340
52022260,52022420
52033512,52033586
52056620,52057060
52061200,52061380
52083760,52083940
52128600,52128780
52150740,52150940
52190560,52190760
52190780,52191040
52191200,52191360
52191680,52191860
52192280,52192500
52204260,52204440
52219562,52219700
52312260,52312440
52313460,52313609
52340135,52340280
52379799,52380020
52783901,52784040
52924833,52925020
53142350,53142501
53158120,53158300
53162420,53162640
53202917,53203044
53217180,53217348
53224480,53224620
53230360,53230540
53291660,53291840
53321820,53321980
53331620,53331780
53413280,53413440
53463729,53463838
53521520,53521680
53547840,53548020
53578860,53579040
53579520,53579696
53594340,53594580
53610020,53610222
53610224,53610360
53611600,53611840
53611950,53612049
53621500,53622080
53623420,53623620
53623683,53623853
53642820,53643040
53643120,53643400
53664262,53664314
53691640,53691840
53708320,53708480
53753192,53753357
53753422,53753740
53753780,53753873
53773840,53774065
53774120,53774420
53774700,53774900
53787020,53787200
53805949,53806056
53828087,53828420
53828880,53829080
53829480,53829660
53866101,53866280
53869860,53870080
53899720,53899900
53907140,53907350
53913463,53913554
53915840,53916040
53919078,53919180
53939980,53940180
53941275,53941435
54062840,54063040
54067620,54067840
54096780,54097000
54103500,54103680
54123600,54123960
54132660,54133060
54133200,54133305
54133440,54133640
54134560,54134760
54139180,54139580
54140240,54140308
54149140,54149340
54167960,54168140
54168240,54168460
54169377,54169760
54198090,54198250
54199740,54199920
54207740,54207960
54219920,54220080
54257220,54257440
54267480,54267680
54267800,54268020
54285360,54285560
54320160,54320290
54345340,54345520
54479720,54479880
54619254,54619458
54646920,54647120
54649540,54649720
54668680,54668840
54680920,54681080
54726840,54726937
55177300,55177353
55706200,55706360
56032340,56032500
56059778,56059854
56200560,56200740
56202627,56202740
56248080,56248260
56249440,56249640
56307080,56307280
56358740,56358920
56359520,56359640
56392240,56392540
56392864,56392998
56400120,56400300
56422560,56422780
56468260,56468317
56468420,56468700
56504195,56504267
56504471,56504583
56550720,56550900
56555040,56555240
56566692,56566940
56577620,56577820
56606620,56606820
56626620,56626780
56628474,56628541
56629060,56629340
56630060,56630360
56662648,56662702
56711147,56711380
56712282,56712480
56750461,56750700
56787640,56787880
56788360,56788580
56818420,56818597
56832580,56832720
56844005,56844140
56875140,56875320
56893341,56893425
56949420,56949620
56974520,56974680
56985420,56985580
56995700,56995880
57022420,57022600
57048360,57048540
57061440,57061597
57080932,57081020
57087220,57087400
57089700,57089900
57092180,57092400
57106420,57106580
57117428,57117460
57135960,57136078
57168220,57168520
57205720,57205940
57212580,57212800
57244723,57244836
57266371,57266459
57323100,57323280
57326720,57327100
57346460,57346680
57351080,57351260
57381840,57382060
57389260,57389460
57391180,57391440
57429639,57430100
57433070,57433240
57435700,57435920
57465000,57465180
57473606,57473680
57495300,57495480
57498880,57499080
57509780,57509959
57514320,57514520
57526616,57526820
57560920,57561080
57594380,57594580
57597080,57597218
57618200,57618420
57622600,57622820
57654400,57654560
57654649,57654744
57693100,57693320
57693416,57693578
57695080,57695280
57698300,57698520
57709920,57710120
57718520,57718720
57748620,57748820
57772640,57772840
57881696,57881780
58014700,58014900
58017300,58017600
58017680,58017900
58019100,58019279
58021600,58021765
58048220,58048384
58087340,58087520
58127760,58128000
58131897,58132100
58179676,58179759
58192730,58192815
58209900,58210100
58237200,58237340
58246520,58246700
58252160,58252340
58293520,58293700
58306957,58307031
58309360,58309489
58309600,58309780
58342220,58342320
58349737,58349869
58389000,58389220
58389840,58390140
58420900,58421080
58447900,58448060
58478460,58478640
58481580,58481760
58542100,58542235
58542449,58542640
58619980,58620360
58620613,58620663
58622040,58622200
58624000,58624180
58650820,58650980
58651060,58651300
58652280,58652480
58659886,58660117
58692620,58692820
58810600,58810760
58839500,58839720
58864532,58864660
58870427,58870503
58888762,58888920
58889049,58889240
58917760,58917824
58950700,58950860
58981000,58981320
59007240,59007338
59032260,59032600
59042120,59042466
59042800,59043020
59055405,59055580
59063820,59064000
59082100,59082280
59082320,59082420
59087940,59088120
59207840,59208000
59222580,59222780
59253904,59254080
59402686,59402813
59403780,59403940
59428520,59428700
59455800,59455960
59496000,59496180
59515700,59515920
59519520,59519700
59525580,59525800
59560680,59560880
59571660,59571840
59598740,59598920
59716022,59716194
59744200,59744440
59751180,59751380
59770440,59770720
59783120,59783340
59850140,59850300
59934080,59934260
59940220,59940480
59940740,59940920
59949240,59949420
59955340,59955520
59985980,59986120
59988260,59988420
59994740,59994940
60041958,60042025
60050280,60050460
60057480,60057660
60137800,60137980
60206320,60206480
60211160,60211380
60263080,60263240
60341090,60341189
60456428,60456500
61228310,61228373
61263374,61263434
61444360,61444520
61560582,61560711
61608415,61608500
61631837,61631934
61724560,61724739
61765914,61765993
61797420,61797582
61839480,61839513
61874800,61874960
61887280,61887480
61896360,61896540
61925520,61925720
61925940,61926180
61959420,61959620
61981080,61981240
62010920,62011120
62065900,62066080
62088560,62088760
62121360,62121640
62121680,62121900
62122100,62122380
62123060,62123220
62136920,62137100
62143340,62143540
62143700,62143839
62144440,62144637
62155771,62155870
62156980,62157160
62159960,62160180
62161456,62161565
62182880,62183060
62209576,62209641
62228132,62228200
62233760,62233900
62238160,62238440
62260487,62260655
62266480,62266656
62301920,62302160
62302720,62302960
62303736,62303793
62321100,62321400
62321480,62321800
62350040,62350240
62350621,62350735
62359480,62359700
62361940,62362140
62382800,62382975
62386940,62387100
62407320,62407500
62427540,62427720
62496606,62496679
62500280,62500460
62523940,62524140
62557520,62557700
62571780,62572020
62572120,62572280
62595640,62595820
62598780,62598980
62616900,62617120
62623560,62623760
62623880,62624160
62642280,62642500
62652120,62652320
62667020,62667258
62668580,62668780
62688922,62689050
62703580,62703760
62704060,62704240
62704620,62704840
62707980,62708220
62708300,62708532
62708640,62708760
62711160,62711320
62711685,62711927
62734693,62734780
62734900,62735240
62735380,62735600
62736429,62736620
62736680,62736980
62739560,62739900
62740220,62740500
62766828,62766960
62776860,62777140
62782240,62782420
62791500,62791700
62794200,62794400
62796260,62796480
62815492,62815629
62822840,62823020
62824980,62825140
62832620,62832840
62860440,62860600
62861960,62862200
62873760,62873980
62874200,62874460
62874520,62874700
62874720,62874900
62875040,62875220
62875520,62875760
62900346,62900520
62900620,62900780
62900868,62901060
62921340,62921540
62923420,62923580
62926480,62926700
62937860,62938060
62952520,62952760
62972420,62972620
62977740,62977920
63009180,63009360
63071742,63071795
63102062,63102178
63134475,63134552
63172820,63173020
63179340,63179520
63183420,63183580
63186660,63186840
63191500,63191720
63215160,63215338
63216180,63216400
63223440,63223620
63224814,63224963
63232380,63232620
63234863,63235032
63251497,63251580
63272680,63272860
63291260,63291480
63327123,63327220
63379860,63380020
63409640,63409788
63432040,63432340
63432600,63432800
63434920,63435140
63442200,63442380
63472640,63472820
63480124,63480262
63498100,63498280
63499115,63499235
63501900,63502100
63502180,63502268
63520577,63520752
63537800,63538180
63538318,63538436
63545240,63545420
63553380,63553720
63574200,63574380
63580860,63581040
63600280,63600440
63626800,63626960
63627080,63627260
63627365,63627486
63628360,63628560
63641880,63642300
63652499,63652675
63653340,63653600
63653780,63653940
63658240,63658400
63658460,63658680
63682480,63682740
63686560,63687000
63687121,63687187
63696380,63696700
63699220,63699420
63706840,63707020
63707840,63708060
63739560,63739740
63740900,63741300
63778080,63778320
63782060,63782280
63786360,63786527
63796224,63796460
63801220,63801400
63831220,63831400
63832260,63832498
63835040,63835240
63863905,63864160
63864240,63864480
63865000,63865240
63865820,63866020
63894500,63894760
63894900,63895140
63902640,63902820
63902980,63903140
63909740,63909924
63911180,63911420
63941800,63941977
63948576,63948686
63949197,63949271
63956560,63956700
63957360,63957560
63957660,63957940
63973925,63974120
63978834,63978980
63980940,63981160
63981320,63981431
64038600,64038800
64039020,64039200
64044820,64045000
64054500,64054660
64057880,64058060
64062960,64063120
64064480,64064640
64066080,64066320
64069833,64069958
64079827,64080020
64083573,64083720
64102080,64102180
64120084,64120304
64120500,64120660
64145560,64145720
64152200,64152420
64159082,64159164
64189234,64189397
64233023,64233160
64255560,64255780
64256031,64256100
64285860,64286060
64286120,64286300
